FC,SC,TC,TC(non-british),TC(Cherbourg),TC(Queenstown),VICTUALLING CREW,DECK CREW,TITANIC BAND,POSTAL CLERKS,ENGINEERING CREW
"*Allen, Miss Elizabeth Walton","Abelson, Mr. Samson ","Abbott, Eugene","*Abelseth, Karen","*Assaf, Marian","Barry, Julia","Abbott, E. Pantryman","* Anderson, J. Able bodied seaman","Brailey, Theodore Pianist","Gwinn, William Postal clerk","Abraham, C. Fireman"
"Allison, Mr. H. J.","*Abelson, Mrs. Hanna ","*Abbott, Rosa","*Abelseth, Olaus","Attala, Malake","Bourke, Catherine","Ahier, P. Saloon steward","* Archer, Ernest Able bodied seaman","Bricoux, Roger Cellist","March, John Starr Postal clerk","Adams, R. Fireman"
"Allison, Mrs. H. J.","Aldworth, Mr. C.","Abbott, Rossmore","*Abramson, August","*Baclini, Latila","Bourke, John","Akerman, J. Assistant pantryman","* Bailey, W. Master at arms","Clarke, J. Fred C. Bass violist","Smith, John Richard Jago Postal clerk","* Allen, E. Trimmer"
"*Maid Allison, Miss L","Andrew, Mr. Edgar ","Abbing, Anthony","Adahl, Mauritz","*Baclini, Maria","*Bradley, Bridget","Akermann, A. Steward","* Boxhall, Joseph Grove Fourth Officer","Hartley, Wallace Henry Bandmaster","Williamson, James Bertram Postal clerk","Allen, H. Fireman"
"*Allison, Master T. ","Andrew, Mr. Frank ",Adams. J.,"*Adolf, Humblin","*Baclini, Eugene","*Buckley, Daniel","Allan, F. Lift attendant","Bradley, F. Able bodied seaman","Hume, John (Jock) Law First violinist","Woody, Oscar S. Postal clerk","Alsopp, Alfred S. Junior Electrician"
 *Nurse,"Angle, Mr. William ","*Aks, Filly","Ahlin, Johanna","*Baclini, Helene","Buckley, Katherine","Allan, R. Bedroom steward","* Brice, W. Able bodied seaman","Krins, George Violist",,"* Avery, J. Trimmer"
"Astor, Colonel J. J.","*Angle, Mrs.","*Aks, Leah","Ahmed, Ali","Badt, Mohamed","Burke, Jeremiak","Allaria, Baptiste Assistant waiter","* Bright, Arthur John Quartermaster","Taylor, Percy, C. Cellist",,"Bailey, G. W. Fireman"
"*Astor, Mrs. J. J ","Ashby, Mr. John","Alexander, William","Alhomaki, Ilmari","*Banoura, Ayout","Burke, Mary","Allen, E. Scullion","* Buley, Edward J. Able bodied seaman",,,"Baines, Rich Greaser"
"*Aubert, Mrs. N. ","Baily, Mr. Percy","Allen, William","Ali, William","Barbara, Catherine","Burns, Mary","Allsop, F. Saloon steward","Church, G. Able bodied seaman",,,"Ball, W. Fireman"
Manservant,"Baimbridge, Mr. Chas. R.","Allum, Owen G.","Anderson, Alfreda","Barbara, Saude","Canavan, Mary","Anderson, W. Bedroom steward","* Clench, Fredrick Able bodied seaman",,,"Bannon, John Greaser"
*Maid,"*Balls, Mrs. Ada E.","*Badman, Emily","*Anderson, Erna","Betros, Tannous","Carr, Ellen","* Andrews, Charles E. Assistant steward","Clench, G. Able bodied seaman",,,"Barlow, C. Fireman"
 *Maid,"Banfield, Mr. Frederick J.",Barton David,"Anderson, Albert","Boulos, Hanna","Car, Jeannie","Ashcroft, A. Clerk","Crouch, F. Able bodied seaman",,,"Barnes, Chas Fireman"
and *Maid,"Bateman, Mr. Robert J.","Beavan, W. T.","Anderson, Anders","Boulos, Sultani","Chartens, David","Ashe, H. G. H. steward","Davis, Stephen J. Able bodied seaman",,,"Barnes, J. Fireman"
"*Barkworth, Mr. A. H. ","*Beane, Mr. Edward","Billiard, A. van","Anderson, Samuel","*Boulos, Nourelain","Cannavan, Pat","Aspelagi, G. Assistant plateman","* Evans, Alfred Frank Lookout",,,"Barrett, F. W. Fireman"
"Baumann, Mr. J.","*Beane, Mrs. Ethel","Billiard, James (child)","Anderson, Sigrid (child)","Boulos, Akar (child)","Colbert, Patrick","Ayling, E. Assistant vegetable cook","Evans, Frank O. Able bodied seaman",,,"* Barrett, Fredrick Leading fireman"
"*Baxter, Mrs. James","Beauchamp, Mr. H. J. ","Billiard, Walter (child)","Anderson, Thor","Banous, Elias","Conlin, Thos. H.","Back, C. Assistant attendant","* Fleet, Fredrick Lookout",,,"Beattie, F. Greaser"
"Baxter, Mr. Quigg","*Becker, Mrs. A. O. ","*Bing, Lee","*Anderson, Carla","Caram, Joseph","Connaghton, Michel","* Baggott, A. Saloon steward","* Foley, Jack Storekeeper",,,"* Beauchamp, George Fireman"
"Beattie, Mr. T.","*Beesley, Mr. Lawrence ","Bowen, David","Anderson, Ingeborg (child)","Caram, Maria","Connors, Pat","Bagley, E. Saloon steward","* Forward, J. Able bodied seaman",,,"Bell, Joseph Chief Engineer"
"*Beckwith, Mr. R. L.","*Bentham, Miss Lilian W. ","Braund, Lewis","Anderson, Ebba (child)","Shabini, Georges","*Conolly, Kate","Bailey, G. Saloon steward","* French, William",,,"Bendell, T. Fireman"
"*Beckwith, Mrs. R. L.","Berriman, Mr. William ","Braund, Owen","Anderson, Sigvard (child)","Chehab, Emir Farres","Conolly, Kate","* Ball, Percy Plate washer","* Hagan, John Able bodied seaman",,,"Bennett, G. Fireman"
"*Behr, Mr. K. H.","Botsford, Mr. W. Hull ","Brocklebank, William","Anderson, Ellis","Chronopoulos, Apostolos","*Daly, Marcella",Banfi Waiter,"* Haines, Albert Boatswain's mate",,,"Benville, E. Fireman"
"*Bishop, Mr. D. H.","Bowenur, Mr. Solomon ","Cann, Erenst","Anderson, Ida Augusta","Cbronopoulos, Demetrios","*Daly, Eugene","Barker, A. Assistant baker","* Harder, William Window cleaner",,,"Bessant, W. Fireman"
"*Bishop, Mrs. D. H.","Bracken, Mr. Jas. H. ","Carver, A.","Anderson, Paul Edvin","Dibo, Elias","*Devaney, Margaret corrected spelling","Barker, E. Saloon steward","* Hemmings, Samuel Ernest Lamptrimmer",,,"Bevis, J. Trimmer"
"Bjornstrom, Mr. H.","Brito, Mr. Jose de","Celotti, Francesco","Angheloff, Minko","Drazenovie, Josip","Dewan, Frank","Barker, Reginald L. Second Purser","* Hitchens, Robert Quartermaster",,,"Biddlecombe, C. Fireman"
"Blackwell, Mr. Stephen Weart","*Brown, Miss Mildred","*Chip, Chang","Asplund, Carl (child)","Elias, Joseph","Dooley, Patrick","Barker, T. Assistant butcher","* Hogg, George Alfred Lookout",,,"Biggs, E. Fireman"
"*Blank, Mr. Henry","Brown, Mr. S.","Christmann, Emil","Asplund, Charles","*Elias, Joseph","Doyle, Elin","Barlow, G. Bedroom steward","Holman, H. Able bodied seaman",,,"Billows, J. Trimmer"
"*Bonnell, Miss Caroline","Brown, Mrs.","*Cohen, Gurshon","*Aspland, Felix (child)","*Fabini, Leeni","*Driscoll, Bridget","Barnes, W. Assistant baker","* Hopkins, Robert Able bodied seaman",,,"* Binstead, Walter Trimmer"
"*Bonnell, Miss Lily","*Brown, Miss E.","Cook, Jacob","Asplund, Gustaf (child)","*Fat-ma, Mustmani","Emmeth, Thomas","Barrett, A. Bell boy","* Horswill, Albert Edward James Able bodied seaman",,,"Black, A. Fireman"
"Borebank, Mr. J. J.","Bryhl, Mr. Curt","Corn, Harry","*Asplund, Johan","Gerios, Assaf","Farrell, James","Barringer, A. Saloon steward","* Humphreys, James Quartermaster",,,"Black, D. Fireman"
"*Bowen, Miss","*Bryhl, Miss Dagmar","*Coutts, Winnie","*Asplund, Lillian (child)","Gerios, Youssef","Foley, Joseph","Barrow, H. Assistant butcher","Hutchinson, John H. Joiner",,,"Blackman, H. Fireman"
"*Bowerman, Miss Elsie","*Buss, Miss Kate","*Coutts, William (child)","Asplund, Oscar (child)","Gerios, Youssef","Foley, William","Barrows, W. Saloon steward","* Jewell, Archie Lookout",,,"* Blake, P. Trimmer"
"Brady, Mr. John B.","Butler, Mr. Reginald","*Coutts, Leslie (child)","*Asplund, Selma","Gheorgheff, Stanio","Flynn, James","Barton, S. Steward","Johnson, A. Not Titanic crew",,,"Blake, Seaton Mess steward"
"Brandeis, Mr. E.","Byles, Rev.nomas R. D.","Coxon, Daniel","Arnold, Joseph","Hanna, Mansour","Flynn, John","Basilico, G. Waiter","Johnson, W. Not Titanic crew",,,"Blake, T. Fireman"
"*Brayton, Mr. George","*Bystrom, Miss Karolina","Crease, Ernest James","Arnold, Josephine","Jean Nassr, Saade","Fox, Patrick","Baxter, F. Linen keeper","* Jones, Thomas Able bodied seaman",,,"Blancy, J. Fireman"
"Brewe, Dr Arthur Jackson","*Caldwell, Mr. Albert F.","Cribb, John Hatfield","Aronsson, Ernest Axel A.","Johann, Markim","Gallagher, Martin","Baxter, H. R. Steward","King, T. W. Master-at-arms",,,"Blann, Eustace Fireman"
"*Brown, Mrs. J. J.","*Caldwell, Mrs. Sylvia","*Cribb, Miss Laura Alice corrected","Asim, Adola","*Joseph, Mary","*Gilnegh, Katie","Bazzi, L. Waiter","* Lee, Reginald Robinson Lookout",,,"Bott, W. Greaser"
"*Brown, Mrs. J. M.","*Caldwell, Master Alden G.","*Dahl, Charles","Assam, Ali","*Karun, Franz","*Glynn, Mary","Beedman, G. Bedroom steward","Leonard, L. Not Titanic crew",,,"Bradley, P. Fireman"
"*Bucknell, Mrs. W. ","*Cameron, Miss Clear","Davies, Evan","Augustsan, Albert","*Karun, Anna (child)","Hagardon, Kate","Beere, William Kitchen Porter","* Lightoller, Charles Herbert Second officer",,,"Brewer, H. Trimmer"
"Butt, Major Archibald W.","Carbines, Mr. William","Davies, Alfred","Backstrom, Karl","Kassan, M. Housseing","Hagarty, Nora","* Belford, Walter Chief night baker","* Lowe, Harold Godfrey Fifth officer",,,"Brigge, W. Fireman"
"*Calderhead, Mr. E. P.","Carter, Rev. Ernest C.","Davies, John","*Backstrom, Marie","Kassem, Fared ","Hart, Henry","Benhem, T. Saloon steward","* Lucas, William Able bodied seaman",,,"Brooks, J. Trimmer"
"*Candee, Mrs. Churchill","Carter, Mrs. Lillian","Davies, Joseph","Balkic, Cerin","*Kassein, Hassef","*Healy, Nora","* Bennett, Mrs. Stewardess","Lyons, William H. Able bodied seaman",,,"Brown, J. Fireman"
"*Cardoza, Mrs. J. W. M. ","Chapman, Mr. John H.","Davison, Thomas H.","Benson, John Viktor","Kalil, Betros","Horgan, John","Bernardi, B. Assistant waiter","Matherson, D. Able bodied seaman",,,"Brown, J. Fireman"
"*Cardoza, Mr. T. D. M ","Chapman, Mrs. Elizabeth","*Davison, Mary",Berglund. Ivar,"*Khalil, Zahie","Hemming, Norah","Berthold, Florentini Assistant scullery man","Mathias, M. Mess-room steward",,,"Burroughs, A. Fireman"
"Carlson, Mr. Frank ","Chapman, Mr. Charles","Dean, Mr. Bertram F.","Berkeland, Hans","Kraeff, Thodor","Henery, Delia","Bessant, E. Baggage master","Maxwell, John Carpenter",,,"Burton, E. Fireman"
"Carran, Mr. F. M. ","*Christy, Mrs. Alice","*Dean, Mrs. Hetty ","Bjorklund, Ernst","Lemberopoulos, Peter","*Jenymin, Annie","Best, E. Saloon steward","* McCarthy, W. Able bodied seaman",,,"Butt, W. Fireman"
"Carran, Mr. J. P.","*Christy, Miss Juli","*Dean, Bertran (child) ","Bostandyeff, Guentcho","Malinoff, Nicola","Kelly, James","Beux, D. Assistant waiter","* McGough, James (Paddy) Able bodied seaman",,,"Calderwood, H. Trimmer"
"*Carter, Mr. William E.","Clarke, Mr. Charles V.","*Dean, Vera (infant)","Braf, Elin Ester","*Meme, Hanna","*Kelly, Annie K.","Bietrix, G. Sauce cook","Moody, James Pell Sixth officer",,,"Camner, J. Fireman"
"*Carter, Mrs. William E. ","*Clarke, Mrs. Ada Maria","Dennis, Samuel","Brobek, Carl R.","Monbarek, Hanna","*Kelly, Mary","Bishop, W. Bedroom steward","* Moore, George Able bodied seaman",,,"Carr, R. Trimmer"
"*Carter, Miss Lucile","Coleridge, Mr. R. C.","Dennis, William","Cacic, Grego","*Moncarek, Omine","Kerane, Andy","* Bliss, Miss Stewardess","Murdoch, William McMaster First officer",,,"Carter, F. Trimmer"
"*Carter, Master William T.","Collander, Mr. Erik","*Derkings, Edward","Cacic, Luka","*Moncarek, Gonios (child)","*Kennedy, John","Blumet, J. Plateman","Nichols, Alfred Boatswain",,,"Casey, T. Trimmer"
"Case, Mr. Howard B.","*Collett, Mr. Stuart","*Dowdell, Elizabeth","Cacic, Maria","*Moncarek, Halim (child)","Kilgannon, Thomas","Bochet, G. Second waiter","O'Loughlin, William F. H. Surgeon",,,"Castleman, E. Greaser"
"*Cassebeer, Mrs. H. A.","Collyer, Mr. Harvey","*Drapkin, Jenie","Cacic, Manda","Moussa, Mantoura","Kiernan, John","Bochetez, J. Assistant chef","* Olliver, Alfred Quartermaster",,,"* Cavell, George Trimmer"
"Cavendish, Mr. T.W.","*Collyer, Mrs. Charlotte","*Dugemin, Joseph","Calie, Peter","*Naked, Said","Kiernan, Phillip","Bogie, L. Bedroom steward","* Osman, Frank Able bodied seaman",,,"Cherrett, W. Fireman"
"*Cavendish, Mrs. T. W.","*Collyer, Miss Marjorie","Elsbury, James","Carlson, Carl R.","*Naked, Waika","Lane, Patrick","Bolhens, H. Larder cook","Parks, Sam Seaman",,,"Chisnall, G. Boilermaker"
"Chaffee, Mr. Herbert F.","Corbett, Mrs. Irene","*Emanuel, Ethet (child)","Carlsson, Julius","*Naked, Maria","Lemom, Denis","Bond, W. Bedroom steward","* Pascoe, C. H. Able bodied seaman",,,"Chorley, J. Fireman"
"*Chaffee, Mrs. Herbert F.","Corey, Mrs. C. P.","Everett, Thomas J.","Carlsson, August Sigfrid","Nasr, Mustafa","Lemon, Mary","Boothby, W. Bedroom steward","* Perkis, Walter J. Quartermaster",,,"* Clark, W. Fireman"
"*Chambers, Mr. N. C.","Cotterill, Mr. Harry","*Foo, Choong","Coelho, Domingos Fernardeo","*Nichan, Krikorian","Linehan, Michel","Boston, W. Assistant deck steward","* Peters, W. C. Able bodied seaman",,,"Coe, H. Trimmer"
"*Chambers, Mrs. N. C.","Davies, Mr. Charles","Ford, Arthur","Coleff, Fotio","*Nicola, Jamila","*Madigan, Maggie","Boughton, E. Saloon steward","* Pigott, P. Able bodied seaman",,,"Coffey, John Fireman (deserted in Queenstown)"
"*Cherry, Miss Gladys","*Davis, Mrs. Agnes","Ford, Margaret","Coleff, Peyo","*Nicola, Elias (child)","Mahon, Delia","Bowker, Miss Little Cashier","* Pitman, Herbert John Third officer",,,"Coleman, J. Mess steward"
"*Chevre, Mr. Paul","*Davis, Master John M.","Ford, Mrs. D. M.","Cor, Bartol","*Novel, Mansouer","*Mannion, Margareth","Boyd, J. Saloon steward","* Poigndestre, John Able bodied seaman",,,"* Collins, Samuel Fireman"
"*Chibnafl, Mrs. E. M. Bowerman","*Davis, Miss Mary","Ford, Mr. E. W.","Cor, Ivan","Orsen, Sirayanian","Mangan, Mary","Boyes, H. Saloon steward","* Rowe, George Thomas Quartermaster",,,"* Coombes, G. Fireman"
"Chisholm, Mr. Robert ","Deacon, Mr. Percy","Ford, M. W. T. N.","Cor, Ludovik","Ortin, Zakarian","*McCarthy, Katie","Bradshaw, J. Plate washer","Sawyer, R. J. Window cleaner",,,"Cooper, H. Fireman"
"Clark, Mr. Walter M.","del Carlo, Mr. Sebastian","Ford, Maggie (child)","*Dahl, Mauritz","*Peter, Catherine Joseph","*McCoy, Agnes","Brewster, G. H. Bedroom steward","* Scarrott, Joseph Able bodied seaman",,,"Cooper, J. Trimmer"
"*Clark, Mrs. Walter M. ","del Carlo, Mrs.","Franklin, Charles","Dahlberg, Gerda","Peter, Mike","*McCoy, Alice","* Bride, Harold Second Marconi operator","Simpson, J. Edward Assistant surgeon",,,"Copperthwaite, B. Fireman"
"Clifford, Mr. George Quincy","Denbou, Mr. Herbert","Garthfirth, John","Dakic, Branko","Peter, Anna","*McCoy, Bernard","Bristow, Robert C. Steward","Smith, Edward John Captain",,,"Corcoran, D. Fireman"
"Colley, Mr. E. P.","Dibden, Mr. William","Gilinski, Leslie","Danbom, Ernest","Rafoul, Baccos","*McCormack, Thomas","Bristowe, H. Saloon steward","Smith, W. Able bodied seaman",,,"Cotton, A. Fireman"
"*Compton, Mrs. A. T.","*Doling, Mrs. Ada","*Godwin, Frederick","Danbom, Gillber (infant)","Raibid, Razi","*McDermott, Delia","Brookman, J. Steward","* Symons, George Lookout",,,"Couch, J. Greaser"
"*Compton, Miss S. P.","*Doling, Miss Elsie","Goldsmith, Frank J.","Danoff, Sigrid","Saad, Amin","McElroy, Michel","Broom, H. Bath steward","Tamlyn, Fredrick Mess-room steward",,,"* Couper, R. Fireman"
"Compton, Mr. A. T., Jr.","Downton, Mr. William J.","*Goldsmith, Emily A.","Danoff, Yoto","*Saad, Khalil","*McGovern, Mary","Broome, Athol Assistant veranda cafe","Taylor, C. Able bodied seaman",,,"Coy, F. E. G. Junior third assistant engineer"
"*Cornell, Mrs. R. G.","*Drachstedt, Baron von","*Goldsmith, Frank J. W.","Dantchoff, Khristo","Samaan, Hanna","McGowan, Katherine","* Brown, Edward Saloon steward","Terrell, Bertram Able bodied seaman",,,"Crabb, H. Trimmer"
"Crafton, Mr. John B.","Drew, Mr. James V.","Goodwin, Augusta","Delalic, Regyo","Samaan, Elias","*McGowan, Annie","Brown, W. Saloon steward","* Turnquist, W. Not Titanic crew",,,"Creese, H. Deck engineer"
"Crosby, Mr. Edward G.","*Drew, Mrs. Lulu","Goodwin, Lillian A.","Denkoff, Mito","Samaan, Youssef","McMahon, Martin","Buckley, H. Assistant vegetable cook","* Weller, William Able bodied seaman",,,"* Crimmins, J. Fireman"
"*Crosby, Mrs. Edward G.","*Drew, Master Marshall","Goodwin, Charles E.","Dimic, Jovan","Sarkis, Mardirosian","Mechan, John","Bull, W. Scullion","* White, Ralph Able bodied seaman",,,"Cross, W. Fireman"
"*Crosby, Miss Harriet","*Duran, Miss Florentina","Goodwin, William F. (child)","Dintcheff, Valtcho","Sarkis, Lahowd","*Meeklave, Ellie","Bully, H. Boots","Wilde, Henry Tingle Chief officer",,,"Cunningham, B. Fireman"
"Cummings, Mr. John Bradley","*Duran, Miss Asimcion","Goodwin, Jessie (child)","Dyker, Adoff",Seman Betros (child),"Moran, James","Bunmell, F. Plate washer","* Wynn, Walter Quartermaster",,,"Curtis, A. Fireman"
"*Cummings, Mrs. John Bradley","Eitemiller, Mr. G. F.","Goodwin, Harold (child)","*Dyker, Elizabeth","Shedid, Daher","*Moran, Bertha","* Burgess, Charles Extra third baker",,,,"Davies, T. Leading fireman"
"*Daly, Mr. P. D. ","Enander, Mr. Ingvar","Goodwin, Sidney (child)","Ecimovic, Joso","Sleiman, Attalla","Morgan, Daniel J.","Burke, R. Lounge attendant",,,,"Dawson, J. Trimmer"
"*Daniel, Mr. Robert W.",Fahlstrom Mr. Arne J.,"Green, George","Edwardsson, Gustaf","Stankovic, Jovan","Morrow, Thomas","* Burke, William Saloon steward",,,,"* Diaper, J. Fireman"
"Davidson, Mr. Thornton","Faunthorpe, Mr. Harry","Guest, Robert","Eklunz, Hans","Tannous, Thomas","*Mullens, Katie","Burr, E. Saloon steward",,,,"Dickson, W. Trimmer"
"*Davidson, Mrs. Thornton ","*Faunthorpe, Mrs. Lizzie","Harknett, Alice","Ekstrom, Johan","Tannous, Daler","*Mulvihill, Bertha",* Burrage. A. Plates,,,,"* Dilley, J. Fireman"
"*de Villiers, Mrs. B.","Fillbrook, Mr. Charles","Harmer, Abraham","*Finote, Luigi","Thomas, CharlesP","*Murphy, Norah","Butt, Robert Saloon steward",,,,"* Dillon, Thomas Patrick Trimmer"
"*Dick, Mr. A. A.","Fox, Mr. Stanley H.","*Hee, Ling","Fischer, Eberhard","*Thomas, Tamin","*Murphy, Mary","Butterworth, J. Saloon steward",,,,"Dodd, E. C. Junior third engineer"
"*Dick, Mrs. A. A.","Funk, Miss Annie","*Howard, May","Goldsmith, Nathan","*Thomas, Assad (infant)","*Murphy, Kate","Byrne, J. Bedroom steward",,,,"Dodd, R. Junior fourth assistant engineer"
"*Dodge, Dr. Washington","Fynney, Mr. Jos.","*Hyman, Abraham","Goncalves, Manoel E.","Thomas, John","Naughton, Hannah","Campbell, D. S. Clerk",,,,"* Doel, F. Fireman"
"*Dodge, Mrs. Washington","Gale, Mr. Harry","Johnston, A. G.","Gronnestad, Daniel D.","Tonfik, Nahli","Nemagh, Robert","Carney, William Lift attendant",,,,"* Dore, A. Trimmer"
"*Dodge, Master Washington","Gale, Mr. Shadrach","Johnston, Mrs.","Gustafson, Alfred","Torfa, Assad","O'Brien, Denis","Cartwright, J. Saloon steward",,,,"Doyle, F. Fireman"
"*Douglas, Mrs. F. C.","*Garside, Miss Ethel","Johnston, William (child)","Gustafson, Anders","Useher,Baulner","O'Brien, Thomas","Casswill, C. Saloon steward",,,,"Duffy, William Writer"
"Douglas, Mr. W. D. ","Gaskell, Mr. Alfred","Johnston, Mrs. C. H. (child)","Gustafson, Johan","*Vagil, Adele Jane","*O'Brien, Hannah","* Caton, Miss Turkish Bath attendant",,,,"Dyer, Henry Ryland Senior fourth assistant engineer"
"*Douglas, Mrs. W. D. ","Gavey, Mr. Lawrence","Johnson, Mr. A.","Gustafsson, Gideon","*Vartunian, David","O'Connell, Pat D.","Caunt, W. Grill cook",,,,"* Dymond, Frank Fireman"
"Dulles, Mr. William C. ","Gilbert, Mr. William","Johnson, Mr. W.","Haas, Aloisia","Vassilios, Catavelas","O'Connor, Maurice","Cave, Herbert Saloon steward",,,,"Eagle, A. J. Trimmer"
"*Earnshew, Mrs. Boulton ","Giles, Mr. Edgar","Keefe, Arthur","*Hadman, Oscar","Wazli, Yousif","O'Connor, Pat","Cecil, C. Steward",,,,"Eastman, C. Greaser"
"*Endres, Miss Caroline ","Giles, Mr. Fred","Kelly, James","Hagland, Ingvald O.","Weller, Abi","O'Donaghue, Bert","* Chapman, J. Boots",,,,"Elliott, Everett Edward Trimmer"
"*Eustis, Miss E. M.","Giles, Mr. Ralph","*Lam, Ali","Hagland, Konrad R.","*Yalsevae, Ivan","*O'Dwyer, Nellie","Charboison, A. Roast cook",,,,"Ervine, George Assistant electrician"
"Evans, Miss E.","Gill, Mr. John","Lam, Len","Hakkurainen, Pekko","Yazbeck, Antoni","*O'Keefe, Pat","Charman, John Saloon steward",,,,"Evans, W. Trimmer"
"*Flegenheim, Mrs. A.","Gillespie, Mr. William","*Lang, Fang","*Hakkurainen, Elin","*Yazbeck, Salini","*OLeary, Norah","Cheverton, W. F. Saloon steward",,,,"Farquharson, W. Senior second engineer"
"*Flynn, Mr. J. I.","Givard, Mr. Hans K. ","Leonard, Mr. L","Hampe, Leon","*Youssef, Brahim","O'Neill, Bridget","Chitty, G. Steward",,,,"Fay, F. Greaser"
"Foreman, Mr. B. L.","Greenberg, Mr. Samuel ","Lester, J.","*Hankonen, Eluna","Youssef, Hanne","O'Sullivan, Bridget","Chitty, G. Assistant baker",,,,"Ferrary, Auto Trimmer"
"Fortune, Mr. Mark","Hale, Mr. Reginald ","Ling, Lee","Hansen, Claus","*Youssef, Maria (child)","Peters, Katie","Christmas, H. Assistant steward",,,,"Ferris, W. Leading fireman"
"Fortune, Mrs. Mark","*Hamalainer, Mrs. Anna  ","Lithman, Simon","*Hansen, Janny",Youssef Georges (child),"Rice, Margaret","Clark, T. Bedroom steward",,,,"* Fitzpatrick, C. W. Mess steward"
"*Fortune, Miss Ethel","Harbeck, Mr. Wm. H.","Lobb, Cordelia","Hansen, Henry Damgavd",Zabour. Tamini,"Rice, Albert (child)","Coleman, A. Saloon steward",,,,"Fitzpatrick, H. Junior boilermaker"
"*Fortune, Miss Alice","Harper, Mr. John","Lobb, William A.","Heininen, Wendla","Zabour, Hileni","Rice, George (child)","* Colgan, J. Scullion",,,,"* Flarty, E. Fireman"
"*Fortune, Miss Mabel","*Harper, Miss Nina","Lockyer, Edward","Hendekevoic, Ignaz","Zakarian, Maprieder","Rice, Eric (child)","* Collins, John Scullion",,,,"Ford, H. Trimmer"
"Fortune, Mr. Charles","*Harris, Mr. George","Lovell, John","Henriksson, Jenny",,"Rice, Arthur (child)","Conway, P. Saloon steward",,,,"Ford, Thomas Leading fireman"
"Franklin, Mr. T. P.","Harris, Mr. Walter","MacKay, George W.","*Hervonen, Helga",,"Rice, Eugene (child)","Cook, George Saloon steward",,,,"Foster, A. Storekeeper"
*Frauenthal Mr. T. G.,"Hart, Mr. Benjamin ","Maisner, Simon","*Hervonen, Hildwe (child)",,"*Riordan, Hannah","Coombs, C. Assistant cook",,,,"Fraser, J. Junior third assistant engineer"
"*Frauenthal, Dr. Henry W.","*Hart, Mrs. Esther ","McNamee, Eileen","*Hickkinen, Laina",,"Ryan, Patrick","Corben, E. T. Assistant printer",,,,"Fraser, J. Fireman"
"*Frauenthal, Mrs. Henry W.","*Hart, Miss Eva ","McNamee, Neal","*Hillstrom, Hilda",,"*Ryan, Edw.","Cornaire, M. Assistant roast",,,,"* Fredricks, W. Trimmer"
"*Frolicher, Miss Marguerite","*Herman, Miss Alice ","Meanwell, Marian O.","Holm, John F. A.",,"Sadlier, Matt","Coutin, A. Entree cook",,,,"* Fryer, A. Trimmer"
"Futrelle, Mr. J.","*Herman, Mrs. Jane ","Meek, Annie L.","Holten, Johan",,"Scanlan, James","Cox, Denton Steward",,,,"Gardner, F. Greaser"
"*Futrelle, Mrs. J.","*Herman, Miss Kate ","Meo, Alfonso","Humblin, Adolf",,"Shaughnesay, Pat","* Crafter, F. Saloon steward",,,,"Geer, A. Fireman"
"Gee, Mr. Arthur","Herman, Mr. Samuel ","Miles, Frank","Ilieff, Ylio",,"*Shine, Ellen","* Crawford, Alfred Bedroom steward",,,,"* Godley, G. Fireman"
"*Gibson, Mrs. L.-","*Hewlett, Mrs. Mary D.","*Moor, Beile","Ilmakangas, Ida",,"*Smyth, Julian","Crisp, H. Saloon steward",,,,"Golder, M. W. Fireman"
"*Gibson, Miss D.","Hickman, Mr. Leonard","*Moor, Meier","Ilmakangas, Pista",,"Tobin, Roger","Crispin, W. G. H. steward",,,,"Gordon, J. Trimmer"
"Giglio, Mr. Victor","Hickman, Mr. Lewis ","Moore, Leonard C.","Ivanoff, Konio",,,"Crosbie, J. B. Turkish Bath attendant",,,,"Goree, F. Greaser"
"*Goldenberg, Mr. S. L.","Hickman, Mr. Stanley ","Morley, William","*Jansen, Carl",,,"Crovelle, Louis Assistant waiter",,,,"Gosling, B. Trimmer"
"*Goldenberg, Mrs. S. L","Hiltunen, Miss Martha","Moutal, Rahamin","Jardin, Jose Netto",,,"* Crowe, George F. Saloon steward",,,,"Gosling, S. Trimmer"
"Goldschmidt, Mrs. George B.","Hocking, Mr. George","Murdlin, Joseph","*Jensen, Carl",,,"Crumplin, C. Bedroom steward",,,,"* Graham, T. Fireman"
"*Gordon, Sir Cosmo Duff","*Hocking, Mrs. Elizabeth","Nancarrow, W. H.","Jensen, Hans Peter",,,"* Cullen, C. Bedroom steward",,,,"Graves, S. Fireman"
"*Gordon, Lady Duff  ","*Hocking, Miss Nellie","Niklasen, Sander","Jensen, Svenst L.",,,"* Cunningham, Andrew Bedroom steward",,,,"Green, G. Trimmer"
"*Gracie, Colonel Archibald","Hocking, Mr. Samuel J. ","Nosworthy, Richard C.","Jensen, Nilho R.",,,"* Daniels, S. Steward",,,,"Gregory, D. Greaser"
"Graham, Mr.","Hodges, Mr. Henry P.","Peacock, Alfred","*Johannessen, Bernt",,,"Dashwood, W. Saloon steward",,,,"Grodidge, E. Fireman"
"*Graham, Mrs William G","Hoffman, Mr. ","Peacodc., Treasteall","*Johannessen, Elias",,,"Davies, Gordon Bedroom steward",,,,"Gunnery, G. Mess steward"
"*Graha, Miss Margaret","*Hold, Mrs. Annie","Peacock, Treasteall (child)","Johansen, Nils",,,"Davies, J. Extra second baker",,,,"* Hagan, J. Fireman"
"*Greenfield, Mrs. L. D.","Hold, Mr. Stephen","Pearce, Ernest","*Johanson, Oscar",,,"Davies, R. J. Saloon steward",,,,"Hall, J. Fireman"
"*Greenfield, Mrs. W. B.","Hood, Mr. Ambrose","Peduzzi, Joseph","*Johanson, Oscal L.",,,"De Breucq, M. Assistant waiter",,,,"Hallett, G. Fireman"
"Guggenheim, Mr Benjamin ","*Hosono, Mr. Masabumi","Perkin, John Henry","Johansson, Erik",,,"Dean, G. Assistant steward",,,,"Hands, B. Fireman"
"*Harder, Mr. George A. ","Howard, Mr. Benjamin","Peterson, Marius","Johansson, Gustaf",,,"Deeble, A. Saloon steward",,,,"Hannam, G. Fireman"
"*Harder, Mrs. George A. ","Howard, Mrs. Ellen T.","Potchett, George","Johnson, Jakob A.",,,"Denison, ? Purser",,,,"Harris, E. Fireman"
"*Harper, Mr. Henry Sleeper","Hunt, Mr. George","*Rath, Sarah","*Johnson, Alice",,,Dennarsico Assistant waiter,,,,"* Harris, F. Fireman"
"*Harper, Mrs. Henry Sleeper","*Ilett, Miss Bertha","Reed, James George","*Johnson, Harold",,,"Derrett, A. Saloon steward",,,,"Harris, F. Trimmer"
"Harris, Mr. Henry B. ","*Jacobsohn, Mrs. Amy P.","Reynolds, Harold","*Johnson, Eleanora (infant)",,,"Deslands, P. Saloon steward",,,,"Harrison, N. Junior second engineer"
"*Harris, Mrs. Henry B.",Jacobsohn Mr. Sidney S. ,"Risien, Emma","Johnsson, Carl",,,"Desvernini, L. Assistant pastry",,,,"Hart, Thomas Fireman"
"Harrison, Mr. W. H.","Jarvis, Mr. John D.","Risien, Samuel","Johnsson, Malkolm",,,"Dineage, J. Saloon steward",,,,"Harvey, Herbert G. Junior second assistant engineer"
"*Haven, Mr. H.","Jefferys, Mr. Clifford ","Robins, Alexander","Jonkoff, Lazor",,,"Dodd, George Chief second steward",,,,"Hasgood, R. Fireman"
"*Hawksford, Mr. W. J.","Jefferys, Mr. Ernest","Robins, Charity","Jonsson, Nielo H.",,,"Dolby, J. Reception room attendant",,,,"Haslin, J. Trimmer"
"Hays, Mr. Charles M.","Jenkin, Mr. Stephen","Rogers, William John","Jusila, Katrina",,,"Donati, Italio Assistant waiter",,,,"Head, A. Fireman"
"*Hays, Mrs. Charles M. ","*Jervan, Mrs. A. T.","Rouse, Richard H.","Jusila, Mari",,,"Donoghue, F. Bedroom steward",,,,"* Hebb, A. Trimmer"
"*Hays, Miss Margaret","*Kantor, Mrs. Miriam","Rush, Alfred George J.","*Jusila, Erik",,,"Dornier, S. Assistant fish",,,,"* Hendrickson, Charles Leading fireman"
"Head, Mr. Christopher","Kantor, Mr. Sehua","Sadowitz, Harry","Jutel, Henrik Hansen",,,"Doughty, W. Saloon steward",,,,"Hesketh, James H. Second engineer"
"Hilliard, Mr. Herbert Henry","Karnes, Mrs. J. F.","Sage, John","Kallio, Nikolai",,,"Dunford, W. Hospital steward",,,,"Hill, J. Trimmer"
"Hipkins, Mr. W. E.","Keane, Mr. Daniel","Sage, Annie",Kalvig Johannes H.,,,"Dyer, W. Saloon steward",,,,"Hinton, W. Trimmer"
"*Hippach, Mrs. Ida S.","*Keane, Miss Nora A. ","Sage, Stella","Karajic, Milan",,,"Edbrooke, F. Steward",,,,"Hodge, C. Senior third assistant engineer"
"*Hippach, Miss Jean","*Kelly, Mrs. F.","Sage, George","*Karlson, Einar",,,"Ede, G. B. Steward",,,,"Hodges, W. Fireman"
"*Hogeboom, Mrs. John C.","Kirkland, Rev. Charles L","Sage, Douglas","Karlson, Nils August",,,"Edge, F. Deck steward",,,,"Hodgkinson, L. Senior fourth engineer"
"Holverson, Mr. A. O.","Kvillner, Mr. John Henrik","Sage, Frederick","Kekic, Tido",,,"Edwards, C. Assistant pantryman",,,,"Hosgood, R. Fireman"
"*Holverson, Mrs. A. O.","*Lahtinen, Mrs. Anna","Sage, Dorothy","*Kink, Anton",,,"Egg, W. H. Steward",,,,Hosking. G. F. Senior third engineer
"*Hoyt, Mr. Frederick M.","Lahtinen, Mr. William","Sage, William (child)","*Kink, Louise",,,"* Ellis, J. Assistant vegetable cook",,,,"* Hunt, Albert Trimmer"
"*Hoyt, Mrs. Frederick M. ","Lamb, Mr. J. J.","Sage, Ada (child)","*Kink, Louise (child)",,,"Ennis, W. Turkish Bath attendant",,,,"Hunt, T. Fireman"
"Holt, Mr. W. F.","*Lamore, Mrs. Ameliar","Sage, Constance (child)","Kink, Maria",,,"* Etches, Henry Samuel Bedroom steward",,,,"Hurst, C. J. Fireman"
"Isham, Mrs. A. E. ","Laroche, Mr. Joseph","Sage, Thomas (child)","Kink, Vincenz",,,"Evans, George Saloon steward",,,,"* Hurst, Walter Greaser"
"*Ismay, Mr. J. Bruce ","*Laroche, Mrs. Juliet ","Sather, Sinon","Klasen, Klas A.Mona, Mae A.",,,"Evans, George Steward",,,,"Ingram, C. Trimmer"
"Jakob, Mr. Birnbaum","*Laroche, Miss Louise","Saundercock, W. H.","Klasen, Hilda",,,"Fairall, H. Saloon steward",,,,"Instance, T. Fireman"
"Jones, Mr. C. C ","*Laroche, Miss Simonne","Sawyer, Frederick","Klasen, Gertrud (child)",,,"Fanette, M. Assistant waiter",,,,"Jacobson, John Fireman"
"Julian, Mr. H. F.","*Lehman, Miss Bertha","Scrota, Maurice","Laitinen, Sofia",,,"Farrendon, E. Confectioner",,,,"Jago, J. Greaser"
"Kent, Mr. Edward A.","*Leitch, Miss Jessie","Shellard, Frederick","Laleff, Kristo",,,"* Faulkner, William Bedroom steward",,,,"James, Thos Fireman"
"Kenyon, Mr. F. R. ","Levy, Mr. R. J.","Shorney, Charles","*Landegren, Aurora",,,"Fei, Carlo Sculleryman",,,,"Jarvis, W. Fireman"
"*Kenyon, Mrs. F. R. ","Leyson, Mr. Robert W. N.","Simmons, John","Larson, Viktor",,,"Fellows, A. Assistant boots",,,,"Joas, N. Fireman"
"*Kimball, Mr. E. N. ","Lingane, Mr. John corrected","Slocovski, Selman","Larsson, Bengt Edvin",,,"Feltham, G. Vienna",,,,"* Judd, C. Fireman"
"*Kimball, Mrs. E. N. ","Louch, Mr. Charles","Somerton, Francis W.","Larsson, Edvard",,,"Fenton, F. Saloon steward",,,,"Jukes, J. Greaser"
"Klaber, Mr. Herman ","*Louch, Mrs. Alice Adela","Spector, Woolf","Lefebre, Frances",,,"Finch, H. Steward",,,,"Jupe, Herbert Assistant electrican"
"Lambert-Williams, Mr. Fletcher Fellows","Mack, Mrs. Mary","Spinner, Henry","Lefebre, Henry (child)",,,"Fletcher, P. W. Bugler",,,,"* Kasper, F. Fireman"
"*Leader, Mrs. F. A. ","Malachard, Mr. Noel","*Stanley, Amy","Lefebre, Ida (child)",,,"* Foley, W. C. Steward",,,,"Kearl, C. Greaser"
"Lewy, Mr. E. G.","Mallet, Mr. A.","Stanley, E. R. Mr.","Lefebre, Ida (child)",,,"Ford, E. Steward",,,,"Kearl, G. Trimmer"
"*Lindstroem, Mrs. J.","*Mallet, Mrs.","Storey, T. Mr.","Lefebre,Mathilde (child)",,,"Ford, F. Bedroom steward",,,,"Keegan, Jas Leading fireman"
"*Lines, Mrs. Ernest H. ","*Mallet, Master A.","*Sunderland, Victor","Leinonen, Antti",,,"Fox, W. T. Steward",,,,"Kelly, Jas Greaser"
"*Lines, Miss Mary C. ","Mangiavacchi, Mr. Emilio","Sutehall, Henry","Lindablom, August",,,"Frankin, A. Saloon steward",,,,"Kelly, William Assistant electrician"
Lingrey Mr Edward ,"Mantvila, Mr. Joseph","Theobald, Thomas","Lindell, Edvard B.",,,"Freeman, Ernest E. S. Deck steward, Ismay's Secretary",,,,"* Kemish, George Fireman"
"Long, Mr.. Milton C.","Marshall, Mr.","Thomas, Alex","Lindell, Elin",,,"* Fropper, R. Saloon steward",,,,"Kemp, Thos Executive fourth assistant engineer"
"*Langley, Miss Gretchen F.","*Marshall, Mrs. Kate","*Thorneycrolt, Florence","Lindahl, Agda",,,"Gatti, L. Manager",,,,"Kenchenten, Fredrick Greaser"
"Loring, Mr. J. H. ","Matthews, Mr. W. J.","Thorneycroft, Percival","*Lindqvist, Einar",,,"Geddes, R. Bedroom steward",,,,"Kenzler, A. Storekeeper"
"*Madill, Miss Georgette Alexandra","Maybery, Mr. Frank H.","Tomlin, Ernest P.","*Lulic, Nicola",,,"* Gibbons, J. W. Saloon steward",,,,"Kerr, T. Fireman"
"Maguire, Mr. J. E. ","McCrae, Mr. Arthur G.","Torber, Ernest","Lundahl, John",,,"Gilardino, V. Waiter",,,,"Kinsella, L. Fireman"
"*Marechal, Mr. Pierre","McCrie, Mr. James","*Trembisky, Berk","*Lundin, Olga",,,"Giles, J. Second baker",,,,"Kirkham, J. Greaser"
"Marvin, Mr. D. W. ","McKane, Mr. Peter D. ","*Tunquist, W.","*Lundstripm, Jan",,,"Gill, P. Ship's cook",,,,"* Knowles, T. Firemen's messman"
"*Marvin, Mrs. D. W. ","*Mellers, Mr. William ","Ware, Frederick","*Madsen, Fridjof",,,"Gill, S. Bedroom steward",,,,"Lahy, T. Fireman"
McCaffry. Mr. T.,"*Mellinger, Mrs. Elizabeth  ","Warren, Charles W.","Maenpaa, Matti",,,"* Gold, Mrs Kate Stewardess",,,,"Lee, H. Trimmer"
"McCarthy, Mr. Timothy J.","Meyer, Mr. August","Webber, James","Makinen, Kalle",,,"Gollop, C. Assistant cook",,,,"Light, C. Fireman"
"*McGough, Mr. J. R.","Milling, Mr. Jacob C.","*Wilkes, Ellen","*Mampe, Leon",,,"Goshawk, A. Saloon steward",,,,"Light, W. Fireman"
"Meyer, Mr. Edgar J.","Mitchell, Mr. Henry","Willey, Edward","Marinko, Dmitri",,,"* Gregson, Miss Stewardess",,,,"* Lindsay, W. Fireman"
"*Meyer, Mrs. Edgar J. ","Morawick, Dr. Ernest","Williams, Harry","Markoff, Marin",,,"Gros, Claude G. Assistant coffee man,",,,,"Lloyd, W. Fireman"
"Millet, Mr. Frank D.","Mudd, Mr. Thomas C.","Williams, Leslie","Melkebuk, Philemon",,,"Gullio, Casali Waiter",,,,"Long, F. Trimmer"
"Missahan, Dr. W. E.","Myles, Mr. Thomas F.","Windelov, Einar","*Messemacker, Guillaume",,,"Gunn, J. Assistant steward",,,,"Long, W. Trimmer"
"*Missahan, Mrs. W. B.","Nasser, Mr. Nicolas","Wiseman, Philip","*Messemacker, Emma",,,"* Guy, J. Assistant boots",,,,"Mackie, W. D. Junior fifth assistant engineer"
"*Missahan, Miss Daisy","*Nasser, Mrs.",,"*Midtsjo, Carl",,,"* Halford, R. Steward",,,,"Magee, W. Senior sixth assistant engineer"
"*Moch, Mr. Pkdtp E.","Nesson, Mr. Israel",,"*Mikanen, John",,,"Hall, F. Scullion",,,,"* Major, W. Fireman"
"Moch, Mr. Phillip E.","Nicholls, Mr. Joseph C.",,"Misseff, Ivan",,,"Halloway, S. Assistant clothes presser",,,,"Marrett, G. Fireman"
"Molson, Mr. H. Markland","Norman, Mr. Robert D.",,"Minkoff, Lazar",,,"Hamblyn, Ernest William Bedroom steward",,,,"Marsh, F. Fireman"
"Moore, Mr. Clarence","*Nye, Mrs. Elizabeth",,"Mirko, Dika",,,"Hamilton, E. Assistant S. R. steward",,,,"Maskell, L. Trimmer"
"Natsch, Mr. Charles","Otter, Mr. Richard",,"Mitkoff, Mito",,,"Harding, A. Assistant bedroom steward",,,,"* Mason, F. Fireman"
"Newell, Mr. A. W.","*Oxenham, Mr. P. Thomas",,"Moen, Sigurd H.",,,"* Hardwick, R. Kitchen porter",,,,"Mason, J. Leading fireman"
"*Newell, Miss Alice","*Padro, Mr. Julian",,"*Moss, Albert",,,"* Hardy, John Chief second class stewardHarris, C. H. Bell Boy",,,,"May, A. W. Fireman's messman"
"*Newell, Miss Madeline","Pain, Dr. Alfred",,"*Mulder, Theo",,,"Harris, C. W. Saloon steward",,,,"May, Arthur Fireman"
"*Newsom, Miss Helen","*Pallas, Mr. Emilio",,"Myhrman, Oliver",,,"Harris, E. Assistant pantryman",,,,"Mayo, W. Leading fireman"
"Nicholson, Mr. A. S. ","Parker, Mr. Clifford R.",,"Naidenoff, Penko",,,"* Harrison, A. Saloon steward",,,,"* Mayzes, T. Fireman"
"*Omont, Mr. F.","*Parrish, Mrs. L Davis",,"Nankoff, Minko",,,"* Hart, John Edward Third class steward",,,,"McAndrew, Thos Fireman"
"Ostby, Mr. E. C ","Pengelly, Mr. Frederick",,"Nedeco, Petroff",,,"* Hartnell, Frederick Saloon steward",,,,"McAndrews, W. Fireman"
"*Ostby, Miss Helen R.","Pernot, Mr. Rene",,"Nenkoff, Christo",,,"Hatch, H. Scullion",,,,"McCastlen, W. Fireman"
"Ovies, Mr. S.","Peruschitz, Rev. Jos. M.",,"Nieminen, Manta",,,"Hawkesworth, John Saloon steward",,,,"* McGann, James Trimmer"
"Parr, Mr. M. H. W.","Phillips, Mr. Robert",,"Nilsson, August F.",,,"Hawksworth, W. Assistant deck steward",,,,"McGarvey, E. Fireman"
"Partner, Mr. Austin ","*Phillips, Miss Alice",,"*Nilson, Berta",,,"Hayter, A. Bedroom steward",,,,"McGaw, E. Fireman"
"Payne, Mr. V.","*Pinsky, Miss Rosa",,"*Nilson, Helmina",,,"Helnen, J. Saloon steward",,,,"McGregor, J. Fireman"
"Pears, Mr. Thomas","Ponesell, Mr. Martin",,"Nirva, Isak",,,"Hendy, E. Saloon steward",,,,"McInerney, T. Greaser"
"*Pears, Mrs. Thomas","*Portaluppi, Mr. Emilio",,"*Nyoven, Johan",,,"Henry, W. Assistant boots",,,,"* McIntyre, William Trimmer"
"Penasco, Mr. Victor","Pulbaun, Mr. Frank",,"*Nyston, Anna",,,"Hensford, J. Assistant butcher",,,,"McQuillan, William Fireman"
"*Penasco, Mrs. Victor ","*Quick, Mrs. Jane",,"*Odahl, Martin",,,"Hewett, T. Bedroom steward",,,,"McRae, William Fireman"
"*Peuchen, Major Arthur","*Quick, Miss Vera W.",,"*Orman, Velin",,,"Hill, H. Steward",,,,"McReynolds, W. Junior sixth assistant engineer"
"Porter, Mr. Walter Chamberlain","*Quick, Miss Phyllis",,"*Olsen, Arthur",,,"Hill, J. Bedroom steward",,,,"Middleton, Alfred Assistant electrician"
"*Potter, Mrs. Thomas, Jr. ","Reeves, Mr. David",,"Olsen, Carl",,,"Hinckley, G. Baths",,,,"Milford, George Fireman"
"Reuchlin, Mr. Jonkheer, J. G.","Renouf, Mr. Peter H.",,"Olsen, Henry",,,"Hines, G. Third baker",,,,"Millar, R. Extra fifth assistant engineer"
"*Rheims, Mr. George","*Renouf, Miss Lillie",,"Olsen, Ole M.",,,"Hiscock, S. Plate washer",,,,"Millar, T. Assistant deck engineer"
"*Robert, Mrs. Edward S.  ","*Reynolds, Miss E.",,"Olson, Elon",,,"Hoare, Leo Saloon steward",,,,"Mintram, W. Fireman"
"Roebling, Mr. Washington A., 2nd","Richard, Mr. Emile",,"Olsson, John",,,"Hogg, C. Bedroom steward",,,,"Mitchell, B. Trimmer"
"*Rolmane, Mr. C.","*Richards, Mrs. Emily",,"Olsson, Elida",,,"Hogue, E. Plate washer",,,,"* Moore, J. Fireman"
"Rood, Mr. Hugh R. ","*Richards, Master William",,"Oreskovic, Luka",,,"Holland, T. Assistant reception room attendant",,,,"Moore, R. Trimmer"
"*Rosenbaum, Miss","*Richards, Master George",,"Oreskovic, Maria",,,"Hopkins, F. Plate washer",,,,"Moores, R. Greaser"
"Ross, Mr. J. Hugo","*Ridsdale, Miss Lucy",,"Oreskovic, Jeko",,,"House, W. Saloon steward",,,,"Morgan, A. Trimmer"
"*Rothes, the Countess of  ","Rogers, Mr. Harry",,"*Osman, Mara",,,"Howell, A. Saloon steward",,,,"Morgan, T. Fireman"
"Rothschild, Mr. M.","*Rogers, Miss Selina",,"Pacruic, Mate",,,"Hughes, H. Assistant second steward",,,,"Morrell, R. Trimmer"
"*Rothschild, Mrs. M.","*Rugg, Miss Emily",,"Pacruic, Tome",,,"Humby, F. Plates",,,,"Morris, A. Greaser"
"Rowe, Mr. Alfred","Sedgwick, Mr. C. F. W.",,"Panula, Eino",,,"Humphreys, H. Assistant steward",,,,"Morris, W. Trimmer"
"Ryerson, Mr. Arthur ","Sharp, Mr. Percival",,"Panula, Ernesti",,,"Hutchinson, J. Vegetable cook",,,,"* Murdoch, W. Fireman"
"*Ryerson, Mrs. Arthur ","*Shelley, Mrs. Imanita",,"Panula, Juho",,,"* Hylands, Leo J. Steward",,,,"Nettleton, G. Fireman"
"*Ryerson, Miss Emily ","*Silven, Miss Lyyli",,"Panula, Maria",,,"Ide, H. Bedroom steward",,,,"Newman, C. Storekeeper"
"*Ryerson, Miss Susan ","*Sincook, Miss Maude",,"Panula, Sanni",,,"Ingrouville, H. Steward",,,,"Noon, John Fireman"
"*Ryerson, Master Jack ","*Sinkkenen, Miss Anna",,"Panula, Urhu (child)",,,"Ings, W. Scullion",,,,"Norris, J. Fireman"
"*Saalfeld, Mr. Adolphe ","Sjostedt, Mr. Ernest A.",,"Panula, William (infant)",,,"Jackson, H. Assistant boots",,,,"Noss, B. Fireman"
"*Schabert, Mrs. Paul ","*Slayter, Miss H. M.",,"Pasic, Jakob",,,"Jaillet, H. Pastry cook",,,,"* Noss, H. Fireman"
"*Seward, Mr. Frederick K.","Slemen, Mr. Richard J.",,"Pentcho, Petroff",,,"Janaway, W. Bedroom steward",,,,"* Nutbean, William Fireman"
"*Shutes, Miss E. W.","Smith, Mr. Augustus",,,,,"Janin, C. Soup cook",,,,"* O'Connor, John Trimmer"
"*Silverthorne, Mr. S. V.","*Smith, Miss Marion",,,,,"Jeffery, W. Controller",,,,"Olive, C. Greaser"
"Silvey, Mr. William B.","Sobey, Mr. Hayden",,,,,"Jenner, H. Saloon steward",,,,"* Oliver, H. Fireman"
"*Silvey, Mrs. William B.","Stanton, Mr. S. Ward",,,,,"Jenson, C. V. Saloon steward",,,,"* Othen, C. Fireman"
"*Simonius, Mr. Oberst Altons","Stokes, Mr. Phillip J.",,,,,"* Jessop, Miss Violet Stewardess",,,,"Paice, R. Fireman"
"*Sloper, Mr. William T. ","Swane, Mr. George",,,,,"Johnson, H. Assistant ship's cook",,,,"Painter, Charles Fireman"
"Smart, Mr. John M.","Sweet, Mr. George",,,,,"* Johnson, James Saloon steward",,,,"Painter, F. Fireman"
"Smith, Mr. J. Clinch ","*Toomey, Miss Ellen",,,,,"Jones, A. Saloon steward",,,,"Palles, T. Greaser"
"Smith, Mr. R. W.","*Trant, Miss Jessie",,,,,"Jones, A. Plates",,,,"Pand, G. Fireman"
"Smith, Mr. L P.","Tronpiansky, Mr. Moses A.",,,,,"Jones, H. Roast cook",,,,"Parsons, F. A. Senior first assistant engineer"
"*Smith, Mrs. L P.","*Troutt, Miss E. Celia",,,,,"Jones, Reginald V. Saloon steward",,,,"* Pearce, J. Fireman"
"*Snyder, Mr. John","Tupin, M. Dorothy",,,,,"Jouanmault, G. Assistant sauce",,,,"* Pelham, G. Trimmer"
"*Snyder, Mrs. John","Turpin, Mr. William J.",,,,,"* Joughin, Charles Chief baker",,,,"* Perry, E. Trimmer"
"*Soloman, Mr. A. L.","Veale, Mr. James",,,,,"* Keene, P. Saloon steward",,,,"Perry, H. Trimmer"
"*Spedden, Mr. Frederick O.","*Walcroft, Miss Nellie",,,,,"Kelland, T. Library",,,,"Phillips, G. Greaser"
"*Spedden, Mrs. Frederick O. ","*Ware, Mrs. Florence L",,,,,"Kennell, C. Heb cook",,,,"Pitfield, W. Greaser"
"*Spedden, Master R. Douglas","Ware, Mr. John James",,,,,"Kerley, W. T. Assistant steward",,,,"* Podesta, J. Fireman"
"Spencer, Mr. W. A.","Ware, Mr. William J.",,,,,"Ketchley, H. Saloon steward",,,,"* Pregnall, George Greaser"
"*Spencer, Mrs. W. A.  ","*Watt, Miss Bertha",,,,,"Kieran, M. Assistant storekeeper",,,,"Preston, Thomas Trimmer"
"*Stahelin, Dr. Max","*Watt, Mrs. Bessie",,,,,"Kiernan, James W. Chief third class steward",,,,"* Priest, John Fireman"
"Stead, Mr. W. T.","*Webber, Miss Susie",,,,,"King, A. Lift attendant",,,,"Proudfoot, R. Trimmer"
"*Steffanson, B. B.","Weisz, Mr. Leopold",,,,,"King, Ernest Purser clerk",,,,"Pugh, P. Leading fireman"
"*Steffanon, H. B.","*Weisz, Mrs. Matilda",,,,,"King, G. Scullion",,,,"* Pusey, Robert Fireman"
"*Stehli, Mr. Max Frolicher","*Wells, Mrs. Addie",,,,,"Kingscote, W. F. Saloon steward",,,,"* Ranger, Thomas Greaser"
"*Stehli, Mrs. Max Frolicher ","*Wells, Miss J.",,,,,"Kitching, A. Saloon steward",,,,"Read, J. Trimmer"
"*Stengel, Mr. C. E. H. ","*Wells, Master Ralph",,,,,"Klein, H. Barber",,,,"Reed, R. Trimmer"
"*Stengel, Mrs. C. E. H. ","West, Mr. E. Arthur",,,,,"* Knight, George Saloon steward",,,,"Reeves, F. Fireman"
"Stewart, Mr. A. A.","*West, Mrs. Ada",,,,,"Knight, L. Steward",,,,"* Rice, C. Fireman"
"*Stone, Mrs. George M.  ","*West, Miss Barbara",,,,,"Lacey, Bert W. Assistant steward",,,,"Richards, H. Fireman"
"Straus, Mr. Isidor ","*West, Miss Constance",,,,,"Lake, W. Saloon steward",,,,"Rickman, G. Fireman"
"Straus, Mrs. Isidor ","Wheadon, Mr. Edward",,,,,"Lane, A. E. Saloon steward",,,,"Roberts, G. Fireman"
"Sutton, Mr. Frederick","Wheeler, Mr. Edwin",,,,,"Latimer, Andrew J. Chief steward",,,,"Rous, A. Plumber"
"*Swift, Mrs. Frederick Joel",*child,,,,,"* Lavington, Miss Stewardess",,,,"Rudd, Henry Storekeeper"
"Taussig, Mr. Emil",*child,,,,,"Lawrence, A. Saloon steward",,,,"Sangster, C. Fireman"
"*Taussig, Mrs. Emil",*child,,,,,"Leader, A. Assistant confectioner",,,,"Saunders, T. Fireman"
"*Taussig, Miss Ruth",*Child,,,,,"* Leather, Mrs Elizabeth Stewardess",,,,"Saunders, W. Fireman"
"*Taylor, Mr. E. Z",*Loto ,,,,,"Lefever, G. Saloon steward",,,,"Saunders, W. Trimmer"
"*Taylor, Mrs. E. Z.",*Louis,,,,,"Leonard, M. Steward",,,,"Scott, Archibald Fireman"
"Thayer, Mr. J. B.",*Infant,,,,,"Levett, G. Assistant pantryman",,,,"* Scott, Fred Greaser"
"*Thayer, Mrs. J. B.  ",,,,,,"* Lewis, Arthur Steward",,,,"Self, A. Greaser"
"*Thayer, Mr. J. B., Jr. ",,,,,,"Light, C. Plate washer",,,,"* Self, E. Fireman"
"Thorne, Mr. G.",,,,,,"* Littlejohn, A. Saloon steward",,,,"* Senior, Harry Fireman"
"*Thorne, Mrs. G.",,,,,,"Lloyd, H. Saloon steward",,,,"Shea, Thos Fireman"
"*Tucker, Mr. G. M., Jr.",,,,,,"Lock, A. Assistant cook",,,,"* Sheath, F. Trimmer"
"Uruchurtu, Mr. M. R. ",,,,,,"Longmiur, J. Assistant bedroom steward",,,,"Shepherd, Jonathan Junior second assistant engineer"
"Van der Hoef, Mr. Wyckoff",,,,,,"Lovell, J. Grill cook",,,,"* Shiers, Alfred Fireman"
"Walker, Mr. W. Anderson ",,,,,,"* Lucas, W. Saloon steward",,,,"Shilaber, C. Trimmer"
"Warren, Mr. F. M.",,,,,,"Lydiatt, C. Saloon steward",,,,"Skeats, W. Trimmer"
"*Warren, Mrs. F. M. ",,,,,,"Mabey, J. Steward",,,,"Sloan, P. Chief electrician"
"*Weir, Mr. J.",,,,,,"* MacKay, Charles D. Saloon steward",,,,"Small, William Leading fireman"
"White, Mr. Percival W.",,,,,,"MacKie, G. Bedroom steward",,,,"Smith, E. Trimmer"
"White, Mr. Richard F. ",,,,,,"Major, E. Bath steward",,,,"Smith, James M. Junior fourth engineer"
"*White, Mrs. J. Stuart ",,,,,,"Mantle, R. Steward",,,,"Smither, H. Fireman"
"Wick, Mr. George D.",,,,,,"Marks, J. Assistant pantryman",,,,"Snellgrove, G. Fireman"
"*Wick, Mrs. George D.",,,,,,"Marriott, J. W. Assistant pantryman",,,,"Snooks, W. Trimmer"
"*Wick, Miss Mary",,,,,,"* Marsden, Miss Stewardess",,,,"* Snow, E. Trimmer"
"Widener, Mr. George D. ",,,,,,"* Martin, A. Scullion",,,,"* Sparkman, H. Fireman"
"*Widener, Mrs. George D. ",,,,,,"* Martin, Miss Second cashier",,,,"Stafford, M. Greaser"
"Widener, Mr.. Harry",,,,,,"* Martin, Mrs. Stewardess",,,,"Stanbrook, Augustus Fireman"
"*Willard, Miss Constance",,,,,,"Mattman, A. Ice man",,,,"Steel, R. Trimmer"
"Williams, Mr. Duane",,,,,,"* Mauge, Paul Chef's assistant",,,,"Stocker, H. Trimmer"
"*Williams, Mr. R. N., Jr.",,,,,,"* Maynard, John Entree cook",,,,"* Street, A. Fireman"
"*Woolner, Mr. Hugh",,,,,,"Maytum, Alfred Chief butcher",,,,"Stubbs, H. Fireman"
"Wright, Mr. George",,,,,,"McCarty, F. Bedroom steward",,,,"Sullivan, S. Fireman"
"*Young, Miss Marie",,,,,,"McCawley, T. W. Gymnasium",,,,"Taylor, J. Fireman"
 *Maid,,,,,,"McElroy, Herbert Walter Purser",,,,"* Taylor, James Fireman"
 *Maid ,,,,,,"McGrady, James Saloon steward",,,,"Taylor, T. Fireman"
Manservant,,,,,,"* McLaren, Mrs. Stewardess",,,,"* Taylor, William Henry Fireman"
 *Maid,,,,,,"* McMicken, A. Saloon steward",,,,"Thomas, J. Fireman"
 Manservant,,,,,,"McMullen, J. Saloon steward",,,,"* Thompson, John Fireman"
*Maid,,,,,,"McMurray, W. Bedroom steward",,,,"* Threlfall, Thomas Leading fireman"
*Maid,,,,,,"Mellor, A. Saloon steward",,,,"* Thresher, G. Fireman"
Maid,,,,,,"Middleton, M. V. Saloon steward",,,,"Tizard, A. Fireman"
*Maid,,,,,,"* Mills, C. Assistant butcher",,,,"Toung, F. Fireman"
Manservant,,,,,,"Mishellany, A. Printer",,,,"Tozer, J. Greaser"
*Nurse,,,,,,"Monoros, J. Assistant waiter",,,,"* Triggs, R. Fireman"
*Maid,,,,,,"Monteverdi, J. Assistant entree",,,,"Turley, R. Fireman"
*Maid,,,,,,"Moore, A. Saloon steward",,,,"Veal, A. Greaser"
*Maid,,,,,,"Morgan, W. Assistant storekeeper",,,,"Vear, H. Fireman"
*Maid,,,,,,"* Morris, F. Bath steward",,,,"Vear, W. Fireman"
 Maid,,,,,,"Moss, William Saloon steward",,,,"Ward, Arthur Junior fourth assistant engineer"
Manservant,,,,,,"Mullen, T. Steward",,,,"Ward, J. Leading fireman"
Manservant,,,,,,"Muller, L. Interpeter",,,,"Wardner, F. Fireman"
*Manservant,,,,,,"Nannini, F. Head waiter",,,,"Wateridge, E. Fireman"
 maid,,,,,,"* Neale, H. Assistant baker",,,,"Watson, W. Fireman"
*Maid,,,,,,"Nicholls, T. Saloon steward",,,,"Webb, S. Trimmer"
 Maid,,,,,,"Nichols, A. Steward",,,,"Webber, F. Leading fireman"
 Maid,,,,,,"* Nichols, W. K. Assistant steward",,,,"* White, Alfred Greaser"
 Maid,,,,,,"O'Connor, T. Bedroom steward",,,,"White, Alfred Electrician"
Manservant,,,,,,"Olive, E. R. Clothes presser",,,,"White, F. Trimmer"
Manservant,,,,,,"Orpet, W. Saloon steward",,,,"* White, William George Trimmer"
 *Maid,,,,,,"Orr, J. Assistant vegetable cook",,,,"Williams, E. Fireman"
,,,,,,"Osborne, W. Saloon steward",,,,"Wilson, Bertie Senior second assistant engineer"
,,,,,,"Owens, L. Assistant steward",,,,"Wilton, William Trimmer"
,,,,,,"Pacey, R. Lift attendant",,,,"Witcher, A. Fireman"
,,,,,,"Pacherat, J. Assistant larder",,,,"Witt, F. Trimmer"
,,,,,,"Paintin, J. Arthur Captain's steward corrected",,,,"Witt, H. Fireman"
,,,,,,"Parsons, E. Chief storekeeper",,,,"Woodford, H. Greaser"
,,,,,,"Parsons, R. Saloon steward",,,,"Woods, H. Trimmer"
,,,,,,"Pearce, A. Steward",,,,"Wyeth, J. Fireman"
,,,,,,"* Pearcey, Albert Victor Third class pantryman",,,,"Young, Francis Fireman"
,,,,,,"Pedrini, Alex Assistant waiter",,,,
,,,,,,"Pennell, F. Bath steward",,,,
,,,,,,"Penny, W. Assistant steward",,,,
,,,,,,"Penrose, J. Bedroom steward",,,,
,,,,,,"Perkins, L. Telephone operator",,,,
,,,,,,"Perotti, Alfonsi Assistant waiter",,,,
,,,,,,"Perrin, W. Boots",,,,
,,,,,,"Perriton, H. Saloon steward",,,,
,,,,,,"Petrachio, A. Assistant waiter",,,,
,,,,,,"Petrachio, S. Assistant waiter",,,,
,,,,,,"Petty, Edwin Henry Bedroom steward",,,,
,,,,,,"* Phillimore, Harold Saloon steward",,,,
,,,,,,"Phillips, J. Storesman",,,,
,,,,,,"Phillips, John George First Marconi operator",,,,
,,,,,,"Piatti, L. Assistant waiter",,,,
,,,,,,"Piazza, P. Waiter",,,,
,,,,,,"Platt, W. Scullion",,,,
,,,,,,"Poggi, E. Waiter",,,,
,,,,,,"Pook, R. Assistant bedroom steward",,,,
,,,,,,"* Port, F. Steward",,,,
,,,,,,"* Prentice, Frank M. Assistant storekeeper",,,,
,,,,,,"Price, E. Barman",,,,
,,,,,,"Prideaux, J. A. Steward",,,,
,,,,,,"* Prior, H. J. Steward",,,,
,,,,,,"* Pritchard, Mrs. Stewardess",,,,
,,,,,,"Proctor, Chester Chef",,,,
,,,,,,"Pryce, W. Saloon steward",,,,
,,,,,,"* Pugh, Alfred Steward",,,,
,,,,,,"Pusey, J. Saloon steward",,,,
,,,,,,"Randall, F. Saloon steward",,,,
,,,,,,"Ransom, James First Class steward updated",,,,
,,,,,,"Ratti, E. Waiter",,,,
,,,,,,"* Ray, Frederick Dent Saloon steward",,,,
,,,,,,"Reed, C. Bedroom steward",,,,
,,,,,,"Revall, W. Saloon steward",,,,
,,,,,,"Ricardona, R. Assistant waiter",,,,
,,,,,,"Rice, J. R. Clerk",,,,
,,,,,,"Rice, P. Steward",,,,
,,,,,,"Ricks, Cyril S. Assistant storekeeper",,,,
,,,,,,"Ridout, W. Saloon steward",,,,
,,,,,,"Rigozzi, A. Waiter",,,,
,,,,,,"Roberts, F. Third butcher",,,,
,,,,,,"Roberts, H. Bedroom steward",,,,
,,,,,,"* Roberts, Mrs. Stewardess",,,,
,,,,,,"Robertson, G. Assistant steward",,,,
,,,,,,"Robinson, J. Saloon steward",,,,
,,,,,,"* Robinson, Mrs. Annie Stewardess",,,,
,,,,,,"Rogers, E. J. Assistant storekeeper",,,,
,,,,,,"Rogers, M. Saloon steward",,,,
,,,,,,"Ross, R. Scullion",,,,
,,,,,,"Rotto, Angelo Waiter",,,,
,,,,,,"Waiter Rousseau, P. Chef",,,,
,,,,,,"Rowe, M. Saloon steward",,,,
,,,,,,"* Rule, Samuel J. Bath steward",,,,
,,,,,,"Rummer, G. Saloon steward",,,,
,,,,,,"Russell, R. Saloon steward",,,,
,,,,,,"Ryan, T. Steward",,,,
,,,,,,"* Ryerson, W. E. Saloon steward",,,,
,,,,,,"Sacaggi, G. Assistant waiter",,,,
,,,,,,"Salussolia, Giovenz Glass man",,,,
,,,,,,"Samuels, W. Saloon steward",,,,
,,,,,,"Saunders, D. E. Saloon steward",,,,
,,,,,,"* Savage, C. J. Steward",,,,
,,,,,,"Scavino, C. Carver",,,,
,,,,,,Scott Assistant boots,,,,
,,,,,,"Scovell, R. Saloon steward",,,,
,,,,,,"Sedunary, Sidney Steward",,,,
,,,,,,"Sesea, Gino Waiter",,,,
,,,,,,"Sevier, W. Steward",,,,
,,,,,,"* Seward, H. Pantryman",,,,
,,,,,,"Shaw, H. Scullion",,,,
,,,,,,"Shea, J. Saloon steward",,,,
,,,,,,"Siebert, Sidney C. Bedroom steward",,,,
,,,,,,"* Simmonds, A. Scullion",,,,
,,,,,,"Simmons, F. G. Saloon steward",,,,
,,,,,,"Simmons, W. Pass cook",,,,
,,,,,,"Skinner, E. Saloon steward",,,,
,,,,,,"Slight, H. J. Steward",,,,
,,,,,,"Slight, W. Larder cook",,,,
,,,,,,"* Sloan, Miss Mary Stewardess",,,,
,,,,,,"* Slocombe, Mrs. Maud Turkish Bath attendant",,,,
,,,,,,"Smillie, J. Saloon steward",,,,
,,,,,,"Smith, C. Bedroom steward",,,,
,,,,,,"Smith, C. Scullion",,,,
,,,,,,"Smith, F. Assistant pantryman",,,,
,,,,,,"Smith, J. Assistant baker",,,,
,,,,,,"* Smith, Miss Stewardess",,,,
,,,,,,"Smith, R. G. Saloon steward",,,,
,,,,,,"Snape, Mrs. Stewardess",,,,
,,,,,,"Stagg, J. H. Saloon steward",,,,
,,,,,,"* Stap, Miss Sarah Agnes Nurse corrected",,,,
,,,,,,"Stebbing, S. Chief boots",,,,
,,,,,,"* Stewart, John (Jack) Veranda cafe",,,,
,,,,,,"Stone, E. Bedroom steward",,,,
,,,,,,"Stone, E. Bedroom steward",,,,
,,,,,,"Stroud, E. A. Saloon steward",,,,
,,,,,,"Stroud, H. Saloon steward",,,,
,,,,,,"Strugnell, J. Saloon steward",,,,
,,,,,,"Stubbings, H. Cook and mess",,,,
,,,,,,"Swan, W. Bedroom steward",,,,
,,,,,,"Symonds, J. Saloon steward",,,,
,,,,,,"Talbot, George Fredrick Charles Steward",,,,
,,,,,,"Taylor, C. Steward",,,,
,,,,,,"Taylor, L. Turkish Bath attendant",,,,
,,,,,,"Taylor, W. Saloon steward",,,,
,,,,,,"* Terrell, F. Assistant steward",,,,
,,,,,,"Testoni, Ercole Assistant glass man",,,,
,,,,,,"Thayler, M. Steward",,,,
,,,,,,"* Thessinger, A. Bedroom steward",,,,
,,,,,,"* Thomas, A. C. Saloon steward",,,,
,,,,,,"* Thomas, B. Saloon steward",,,,
,,,,,,"Thompson, H. Second storekeeper",,,,
,,,,,,"Thorley, W. Assistant cook",,,,
,,,,,,"Tietz, C. Kitchen porter",,,,
,,,,,,"* Toms, F. Saloon steward",,,,
,,,,,,"Topp, T. Second butcher",,,,
,,,,,,"Tucker, B. Second pantryman",,,,
,,,,,,"Turner, G. F. Stenographer",,,,
,,,,,,"Turner, L. Saloon steward",,,,
,,,,,,"Turvey, C. Page boy",,,,
,,,,,,"Urbini, R. Waiter",,,,
,,,,,,"Valassori, Ettera Waiter",,,,
,,,,,,"Veal, T. Saloon steward",,,,
,,,,,,"Vicat, J. Fish cook",,,,
,,,,,,"Vilvarlarge, P. Assistant soup",,,,
,,,,,,"Vine, H. Assistant controller",,,,
,,,,,,"Vioni, R. Waiter",,,,
,,,,,,"Voegelin, H. Coffeeman",,,,
,,,,,,"Wake, S. Assistant baker",,,,
,,,,,,"Wallis, Mrs. Matron",,,,
,,,,,,"Walpole, John Chief pantryman",,,,
,,,,,,"Walsh, Miss Stewardess",,,,
,,,,,,"Ward, E. Bedroom steward",,,,
,,,,,,"Ward, P. Bedroom steward",,,,
,,,,,,"* Ward, William Saloon steward",,,,
,,,,,,"Wareham, R. Bedroom steward",,,,
,,,,,,"Warwick, F. Saloon steward",,,,
,,,,,,"Watson, W. Bell boy",,,,
,,,,,,"Weatherstone, T. Saloon steward",,,,
,,,,,,"Webb, Brooke Smoke-room steward",,,,
,,,,,,"* Weikman, August H. Barber",,,,
,,,,,,"Welch, W. H. Assistant cook",,,,
,,,,,,"* Wheat, Joseph Thomas Assistant second steward",,,,
,,,,,,"* Wheelton, E. Saloon steward",,,,
,,,,,,"White, A. Assistant barber",,,,
,,,,,,"White, J. G. H. steward",,,,
,,,,,,"White, L. Saloon steward",,,,
,,,,,,"* Whitely, Thomas S aloon steward",,,,
,,,,,,"Whitford, A. Saloon steward",,,,
,,,,,,"* Widgery, James Baths",,,,
,,,,,,"Williams, A. Assistant storekeeper",,,,
,,,,,,"* Williams, W. Assistant steward",,,,
,,,,,,"Willis, W. Steward",,,,
,,,,,,"Wiltshire, W. Assistant butcher",,,,
,,,,,,"* Windebank, J. sauce cook",,,,
,,,,,,"* Witter, James Second class smoke-room steward",,,,
,,,,,,"Wittman, H. Bedroom steward",,,,
,,,,,,"Wood, J. T. Assistant steward",,,,
,,,,,,"Wormald, T. Saloon steward",,,,
,,,,,,"Wrapson, H. Assistant pantryman",,,,
,,,,,,"Wright, Fredrick Racquet-court attendant",,,,
,,,,,,"* Wright, W. G. H. steward",,,,
,,,,,,"* Yearsley, H. Saloon steward",,,,
,,,,,,"Yoshack, J. Saloon steward",,,,
,,,,,,"Zarracchi, L. Wine butler",,,,
